Ticker,AI_Score
BALMLAWRIE.NS,0.9919444444444444
AMBICAAGAR.NS,0.9428845318135435
CSLFINANCE.NS,0.9411302784471486
MOHITIND.NS,0.937057493945462
RAJSREESUG.NS,0.9288240877845039
AHLEAST.NS,0.9210073396264488
RUSHIL.NS,0.9193054527790532
MODINATUR.NS,0.9009035808933915
TVSELECT.NS,0.8965574721891622
TATAINVEST.NS,0.8937308110102333
GEMAROMA.NS,0.8897498657971231
ORISSAMINE.NS,0.8879231490023912
JPPOWER.NS,0.8862765830281121
TCIEXP.NS,0.8853535998235558
LOYALTEX.NS,0.8806558571780964
SHRIRAMPPS.NS,0.8752858798496485
RUPA.NS,0.8710292604313116
SUNDARMFIN.NS,0.870234266079913
ORIENTELEC.NS,0.8679380748868163
SEMAC.NS,0.863784301763033
NCLIND.NS,0.861100602691127
RVHL.NS,0.855858621131384
LAL.NS,0.854845996057904
NDRAUTO.NS,0.8473401496357392
TARC.NS,0.8388772838295976
ANUP.NS,0.8369656783332705
RELIGARE.NS,0.8358170545542588
BAJEL.NS,0.8306874077188896
INDIANHUME.NS,0.8265417692634182
ROTO.NS,0.8245809838501253
ACUTAAS.NS,0.8240339122051025
SRM.NS,0.8223558155185423
INSECTICID.NS,0.8217462211711363
JETFREIGHT.NS,0.8209655532815032
MSPL.NS,0.8182307579692654
NECLIFE.NS,0.8174529717990483
SWSOLAR.NS,0.8167739055307968
KOTHARIPRO.NS,0.8164138818164542
CONCOR.NS,0.8156121598218878
IGARASHI.NS,0.8155664425702724
TATACHEM.NS,0.8153669166823261
IVALUE.NS,0.8147824330279111
REDTAPE.NS,0.8134035566741511
UMAEXPORTS.NS,0.8117646915389158
GTL.NS,0.8106758460294227
JBMA.NS,0.8092359941502935
BIOFILCHEM.NS,0.8092292820418201
MOSCHIP.NS,0.8069168863762162
MAXHEALTH.NS,0.8068307166044739
RADIANTCMS.NS,0.8054399437022842
TIINDIA.NS,0.8029540257240712
GKENERGY.NS,0.8028694497304846
DENTA.NS,0.80251945776596
HECPROJECT.NS,0.8015207823495912
LPDC.NS,0.8005368288835965
NITCO.NS,0.7971142551754451
MICEL.NS,0.7970177522918351
ZENITHSTL.NS,0.7969190089996894
SUPREMEINF.NS,0.7965606169873425
PATELENG.NS,0.7962240710256229
VAIBHAVGBL.NS,0.7956243906009539
IKIO.NS,0.794723439194539
DIAMINESQ.NS,0.7911505290712858
KANSAINER.NS,0.7905631746185253
BVCL.NS,0.789148817843058
KCP.NS,0.7880599628681856
ARTNIRMAN.NS,0.7863929181913124
ZFCVINDIA.NS,0.7858875293689864
BALKRISHNA.NS,0.7849043613967698
ACCURACY.NS,0.784712000911966
SARDAEN.NS,0.781716474806784
CCAVENUE.NS,0.7815461874140844
INDOFARM.NS,0.7804124545434902
LTTS.NS,0.7796554734563055
IGCL.NS,0.7790399567375978
TCS.NS,0.7752119595680357
CORALFINAC.NS,0.7746626593906162
THANGAMAYL.NS,0.7713759816704858
PRINCEPIPE.NS,0.7713368181392809
LFIC.NS,0.7711735101916095
JARO.NS,0.7704412101159374
DCMSRIND.NS,0.7676327439879074
ZEEL.NS,0.7674822670005225
CREST.NS,0.7665578447107418
XCHANGING.NS,0.7658438553122732
JAIBALAJI.NS,0.7651293592337965
ZENITHEXPO.NS,0.7643849096790991
YATRA.NS,0.763467664244292
ONESOURCE.NS,0.762345925301813
MUTHOOTCAP.NS,0.761889900790284
S&SPOWER.NS,0.7616203334967475
HINDCOPPER.NS,0.7609000412526565
ELGIRUBCO.NS,0.7607860036153188
GREENLAM.NS,0.7606658403785128
BSHSL.NS,0.7604165072820699
BLKASHYAP.NS,0.7594486300517912
SUPERSPIN.NS,0.7591819236508477
SAMHI.NS,0.7589908646084029
TRIGYN.NS,0.7589535025074208
SUTLEJTEX.NS,0.7585405615811289
